53.25,23.25,-0.637049868225517
53.25,23.75,3.51823996256366
53.25,24.25,-6.58774270926369
53.25,24.75,3.65597949672164
53.25,25.25,-4.4388060492935
53.25,25.75,-3.37758296477208
53.25,26.25,-3.10161167942393
53.25,26.75,1.10588362663916
53.25,27.25,0.0159997363337467
53.25,27.75,-0.404147038756761
53.25,28.25,0.260368407968059
53.25,28.75,-3.34258788813119
53.25,29.25,0.236847241641001
53.25,29.75,1.57963593734443
53.75,23.25,-2.01026653407189
53.75,23.75,1.06303936270842
53.75,24.25,-3.5725465386805
53.75,24.75,6.65359688015097
53.75,25.25,6.76582370151351
53.75,25.75,0.134939455209938
53.75,26.25,1.772313924126
53.75,26.75,-0.0881307202276389
53.75,27.25,-0.236001009552851
53.75,27.75,2.00495932740564
53.75,28.25,-2.20399532636883
53.75,28.75,5.22195718604758
53.75,29.25,-1.09635667868992
53.75,29.75,0.709371022717747
54.25,23.25,2.3544542388644
54.25,23.75,-4.91454967217282
54.25,24.25,-1.01307750863032
54.25,24.75,-3.67599605032564
54.25,25.25,-0.871050421943806
54.25,25.75,-0.486798089850232
54.25,26.25,1.93076244015755
54.25,26.75,5.40661729076188
54.25,27.25,-5.5426441504966
54.25,27.75,-2.31858191417869
54.25,28.25,-2.42687950919277
54.25,28.75,3.69735572495257
54.25,29.25,-0.929148165360431
54.25,29.75,-10.1090218049328
54.75,23.25,0.997144084690262
54.75,23.75,3.6727273977186
54.75,24.25,-0.335498054131747
54.75,24.75,5.3840254725947
54.75,25.25,1.93371455986536
54.75,25.75,-4.39715374356475
54.75,26.25,2.37301484565369
54.75,26.75,-9.82279121144921
54.75,27.25,4.5059966217289
54.75,27.75,3.63883331474179
54.75,28.25,-3.49727299167667
54.75,28.75,1.10684074199128
54.75,29.25,5.11172598544957
54.75,29.75,3.68620919587802
55.25,23.25,-5.27960935517631
55.25,23.75,-2.36433317055707
55.25,24.25,-4.94409354078793
55.25,24.75,-4.31748401726622
55.25,25.25,5.96672103754416
55.25,25.75,2.44231699265364
55.25,26.25,4.57037655273884
55.25,26.75,-2.47411014836634
55.25,27.25,3.30754378283646
55.25,27.75,4.82228755355229
55.25,28.25,-5.05979577534761
55.25,28.75,1.99914796614034
55.25,29.25,-0.239500807284657
55.25,29.75,6.07677144182017
55.75,23.25,1.4536452582605
55.75,23.75,5.08124237058547
55.75,24.25,0.725716038997156
55.75,24.75,6.72490816247554
55.75,25.25,-4.72612801879363
55.75,25.75,-4.3303488585851
55.75,26.25,1.44816311124895
55.75,26.75,-1.67608051190641
55.75,27.25,-6.68399834768438
55.75,27.75,-1.99841245216807
55.75,28.25,1.84202430206469
55.75,28.75,1.96538795930071
55.75,29.25,-8.5748908492088
55.75,29.75,1.21438888330786
56.25,23.25,9.37858138242093
56.25,23.75,-3.425909655391
56.25,24.25,-1.69286126740578
56.25,24.75,4.43491269569127
56.25,25.25,-2.09931546043609
56.25,25.75,-2.44384434201531
56.25,26.25,0.217541035287098
56.25,26.75,1.20845805128562
56.25,27.25,0.0271432551992348
56.25,27.75,7.95384863745014
56.25,28.25,-7.29463050583155
56.25,28.75,3.41920675718326
56.25,29.25,2.98518181757764
56.25,29.75,-8.47533235576647
56.75,23.25,-5.28052127060656
56.75,23.75,-1.91020573331577
56.75,24.25,1.92874854970331
56.75,24.75,-5.01135897534728
56.75,25.25,3.13389097356827
56.75,25.75,1.47707415448365
56.75,26.25,1.08539905590327
56.75,26.75,-0.771434609258463
56.75,27.25,-6.56080135645482
56.75,27.75,1.20363395496595
56.75,28.25,3.99930425072574
56.75,28.75,-1.12636031496028
56.75,29.25,1.45737582910073
56.75,29.75,3.89747805314138
57.25,23.25,0.47869616357832
57.25,23.75,-0.0811861340339775
57.25,24.25,-0.462640341862802
57.25,24.75,-2.23905783324808
57.25,25.25,1.75742236740507
57.25,25.75,6.35930692549437
57.25,26.25,-6.46263136742574
57.25,26.75,3.09506555952836
57.25,27.25,5.39038492836943
57.25,27.75,-8.79883608301188
57.25,28.25,-4.23574852611856
57.25,28.75,-1.72875988705809
57.25,29.25,8.68761785940769
57.25,29.75,-3.15947754230346
57.75,23.25,-0.286067118326955
57.75,23.75,0.47273866391798
57.75,24.25,1.56509549341685
57.75,24.75,2.21310468281527
57.75,25.25,-6.56421839978745
57.75,25.75,-1.379523260642
57.75,26.25,0.0798513014404563
57.75,26.75,3.57888657771839
57.75,27.25,-2.29498084619841
57.75,27.75,6.60785962460221
57.75,28.25,0.0743982579344049
57.75,28.75,4.97823763753706
57.75,29.25,-7.10077440071782
57.75,29.75,-0.191789725257266
58.25,23.25,7.02533334905741
58.25,23.75,-6.5001580864322
58.25,24.25,2.99938266266324
58.25,24.75,-1.58993993321977
58.25,25.25,2.07777412409791
58.25,25.75,1.20018270722739
58.25,26.25,-6.00013489634292
58.25,26.75,-1.18554775271254
58.25,27.25,-0.634643414266904
58.25,27.75,-1.88565156932455
58.25,28.25,0.600121171875642
58.25,28.75,1.3070071148496
58.25,29.25,-1.06207022631438
58.25,29.75,3.99861384658645
58.75,23.25,0.678969676623691
58.75,23.75,-3.11782487943657
58.75,24.25,0.406821284771326
58.75,24.75,-1.79001061850045
58.75,25.25,-5.29727196754159
58.75,25.75,3.27854388224663
58.75,26.25,4.67280064240425
58.75,26.75,0.796214459227507
58.75,27.25,1.99662096949164
58.75,27.75,-0.267861337121118
58.75,28.25,-1.8662006061152
58.75,28.75,-1.78153927731917
58.75,29.25,4.19606416401213
58.75,29.75,-6.3969428326464
59.25,23.25,8.19466761963093
59.25,23.75,-0.82597531575297
59.25,24.25,4.80891965273869
59.25,24.75,4.17981304048857
59.25,25.25,-1.22099292620077
59.25,25.75,-0.479753350099386
59.25,26.25,7.29385151105469
59.25,26.75,-4.27935551328494
59.25,27.25,-0.0323765802754252
59.25,27.75,0.17553925207234
59.25,28.25,3.35732090675755
59.25,28.75,-0.151153251919254
59.25,29.25,5.63220428395499
59.25,29.75,-3.93952996788155
59.75,23.25,1.97437278629556
59.75,23.75,-9.14909998462002
59.75,24.25,-6.39805256849837
59.75,24.75,-1.86846746835175
59.75,25.25,-0.552475895845284
59.75,25.75,1.05552144784445
59.75,26.25,-0.189343474987446
59.75,26.75,-4.5073368684446
59.75,27.25,-1.4058777693397
59.75,27.75,0.701254350280578
59.75,28.25,2.87439312463724
59.75,28.75,-6.62450293945817
59.75,29.25,-2.69568747374362
59.75,29.75,1.71018857035891
60.25,23.25,-4.89303569466387
60.25,23.75,6.55893255340064
60.25,24.25,-0.952323668733356
60.25,24.75,2.84897133422388
60.25,25.25,3.18638019188354
60.25,25.75,-1.95307060218302
60.25,26.25,1.9038928777961
60.25,26.75,2.27650180710772
60.25,27.25,1.35545119568144
60.25,27.75,2.00720727063367
60.25,28.25,-2.88108957044254
60.25,28.75,5.47127520846715
60.25,29.25,-2.52156840188763
60.25,29.75,5.454625345498
60.75,23.25,-7.93210597401546
60.75,23.75,7.50208548902219
60.75,24.25,0.670422814416867
60.75,24.75,-2.42407710711265
60.75,25.25,1.85787646606111
60.75,25.75,-3.12738706303771
60.75,26.25,-1.34587654114152
60.75,26.75,-0.570474622452522
60.75,27.25,-2.77267020681238
60.75,27.75,-1.33555813587971
60.75,28.25,3.55921986516499
60.75,28.75,-5.61673454148013
60.75,29.25,-1.64905646927897
60.75,29.75,0.152809513149968
61.25,23.25,3.1071308003948
61.25,23.75,-6.52690914471961
61.25,24.25,-5.5817672478737
61.25,24.75,3.75412204842533
61.25,25.25,-3.94532699641775
61.25,25.75,2.11526308076125
61.25,26.25,1.22400929624569
61.25,26.75,-7.99313479459284
61.25,27.25,2.79078987334658
61.25,27.75,1.67570645345543
61.25,28.25,5.71310351606454
61.25,28.75,-2.96640091913704
61.25,29.25,2.10851918691641
61.25,29.75,-6.731661288675
61.75,23.25,8.89750562610234
61.75,23.75,-5.61096181319309
61.75,24.25,0.572290608118522
61.75,24.75,2.21851782335582
61.75,25.25,4.07417876348357
61.75,25.75,-3.05980823330998
61.75,26.25,-0.701742726061291
61.75,26.75,6.48566075788209
61.75,27.25,-0.401719618402439
61.75,27.75,-4.97147603266642
61.75,28.25,-2.43197229051827
61.75,28.75,-0.892457248887624
61.75,29.25,3.53091435874137
61.75,29.75,2.01493890758728
62.25,23.25,5.27865268950242
62.25,23.75,-1.20374115325743
62.25,24.25,6.21145052379958
62.25,24.75,-7.15068705999354
62.25,25.25,-0.6499461276224
62.25,25.75,4.6242257987771
62.25,26.25,4.88138943265039
62.25,26.75,1.48247679290172
62.25,27.25,4.15757839139495
62.25,27.75,1.65674153489344
62.25,28.25,1.83157330709558
62.25,28.75,2.17588563215101
62.25,29.25,1.26765137889778
62.25,29.75,-0.482304142272426
62.75,23.25,-7.00217084618706
62.75,23.75,1.8016763039866
62.75,24.25,0.773243539511213
62.75,24.75,-0.659129255965325
62.75,25.25,-3.36668583723397
62.75,25.75,-1.09885525983596
62.75,26.25,-4.68735700885377
62.75,26.75,-3.52076779326682
62.75,27.25,-6.40388644568463
62.75,27.75,-0.502904477211629
62.75,28.25,0.175938745465146
62.75,28.75,-2.90630476062283
62.75,29.25,-1.03964737873737
62.75,29.75,1.26368293057291
63.25,23.25,-5.0837018065634
63.25,23.75,6.84428632046615
63.25,24.25,8.74146080771968
63.25,24.75,-4.01736921532847
63.25,25.25,4.9323268297327
63.25,25.75,2.18867627043681
63.25,26.25,4.59780059082344
63.25,26.75,-1.31338101614396
63.25,27.25,10.7683755222555
63.25,27.75,-0.502869804693923
63.25,28.25,4.28339525061041
63.25,28.75,-8.98790374947265
63.25,29.25,-2.9499938454363
63.25,29.75,-4.01980719713352
63.75,23.25,-2.30001844974126
63.75,23.75,0.80363660804619
63.75,24.25,-3.74115305113941
63.75,24.75,-1.2856667473707
63.75,25.25,-1.12939209296825
63.75,25.75,-5.20076875591558
63.75,26.25,3.3011388303787
63.75,26.75,-4.10049261886569
63.75,27.25,-11.9766915097058
63.75,27.75,2.86862929352871
63.75,28.25,1.59486643604124
63.75,28.75,3.73066888294589
63.75,29.25,6.38172129856342
63.75,29.75,1.18350414042848
64.25,23.25,-3.4404875091559
64.25,23.75,0.855544900728006
64.25,24.25,-2.03442469035349
64.25,24.75,-2.6786865179775
64.25,25.25,-1.76436804933131
64.25,25.75,1.07149996169487
64.25,26.25,2.2556889777905
64.25,26.75,-4.22785538135907
64.25,27.25,-3.14920208131643
64.25,27.75,6.22483009987479
64.25,28.25,-3.66265767987338
64.25,28.75,-5.32877436711739
64.25,29.25,6.35242127296834
64.25,29.75,-2.82733724968763
64.75,23.25,3.40141793851734
64.75,23.75,-1.00310246458099
64.75,24.25,9.0714912650962
64.75,24.75,-4.40089787047634
64.75,25.25,4.53819601168939
64.75,25.75,-1.80120891424539
64.75,26.25,-1.6903496527015
64.75,26.75,4.19519806626068
64.75,27.25,-1.24873873707393
64.75,27.75,-1.56875598347123
64.75,28.25,2.14757906170873
64.75,28.75,4.64746831366574
64.75,29.25,-0.596046382299377
64.75,29.75,-3.64088297704345
65.25,23.25,1.20665136345809
65.25,23.75,-2.92568951094552
65.25,24.25,1.47458905269482
65.25,24.75,1.89208659700238
65.25,25.25,2.68925401231418
65.25,25.75,-8.16677140656255
65.25,26.25,4.34427153854305
65.25,26.75,2.42611742325643
65.25,27.25,10.0336408458783
65.25,27.75,-0.165255005500043
65.25,28.25,-2.26435678295331
65.25,28.75,1.42653990938233
65.25,29.25,-5.7353295246146
65.25,29.75,1.65743253368167
65.75,23.25,3.68734341427066
65.75,23.75,-2.48980840999506
65.75,24.25,-2.11065169766088
65.75,24.75,-1.99895715193011
65.75,25.25,2.91638749432252
65.75,25.75,2.52113163732238
65.75,26.25,-4.8580477292639
65.75,26.75,-2.17779303700123
65.75,27.25,-2.39605471100052
65.75,27.75,-6.54255276802844
65.75,28.25,-2.68699862700302
65.75,28.75,4.34062639291071
65.75,29.25,-1.31362112134762
65.75,29.75,4.9734432818205
